{"cameraMode":{"drawMode":0,"name":"Shaded","section":"Shading Mode"},"sceneLighting":false,"audioPlay":false,"sceneViewState":{"m_AlwaysRefresh":false,"showFog":true,"showSkybox":true,"showFlares":true,"showImageEffects":true,"showParticleSystems":true,"showVisualEffectGraphs":true,"m_FxEnabled":false},"in2DMode":false,"pivot":{"x":57.29023742675781,"y":0.0009999871253967286,"z":26.579999923706056},"rotation":{"x":-0.1986345499753952,"y":0.09890878945589066,"z":-0.02019590139389038,"w":-0.9749135971069336},"size":1.2452771663665772,"orthographic":false}