{"cameraMode":{"drawMode":0,"name":"Shaded","section":"Shading Mode"},"sceneLighting":false,"audioPlay":false,"sceneViewState":{"m_AlwaysRefresh":false,"showFog":true,"showSkybox":false,"showFlares":true,"showImageEffects":true,"showParticleSystems":true,"showVisualEffectGraphs":true,"m_FxEnabled":true},"in2DMode":false,"pivot":{"x":-18.090373992919923,"y":1.4637603759765626,"z":0.3562696576118469},"rotation":{"x":-0.13990961015224458,"y":0.6439290046691895,"z":-0.12137569487094879,"w":-0.7422317266464233},"size":16.289838790893556,"orthographic":false}