{"cameraMode":{"drawMode":0,"name":"Shaded","section":"Shading Mode"},"sceneLighting":false,"audioPlay":false,"sceneViewState":{"m_AlwaysRefresh":false,"showFog":true,"showSkybox":false,"showFlares":true,"showImageEffects":true,"showParticleSystems":true,"showVisualEffectGraphs":true,"m_FxEnabled":false},"in2DMode":false,"pivot":{"x":-0.01316097378730774,"y":0.11329273879528046,"z":-2.9802322387695315e-8},"rotation":{"x":-0.13648509979248048,"y":0.18925710022449494,"z":-0.026574058458209039,"w":-0.9720332026481628},"size":0.5795263051986694,"orthographic":false}