{"cameraMode":{"drawMode":0,"name":"Shaded","section":"Shading Mode"},"sceneLighting":false,"audioPlay":false,"sceneViewState":{"m_AlwaysRefresh":false,"showFog":true,"showSkybox":false,"showFlares":true,"showImageEffects":true,"showParticleSystems":true,"showVisualEffectGraphs":true,"m_FxEnabled":false},"in2DMode":false,"pivot":{"x":0.016857556998729707,"y":0.13722312450408936,"z":-0.02736806869506836},"rotation":{"x":-0.13648509979248048,"y":0.18925710022449494,"z":-0.026574058458209039,"w":-0.9720332026481628},"size":3.814432144165039,"orthographic":false}