{"cameraMode":{"drawMode":0,"name":"Shaded","section":"Shading Mode"},"sceneLighting":false,"audioPlay":false,"sceneViewState":{"m_AlwaysRefresh":false,"showFog":true,"showSkybox":false,"showFlares":true,"showImageEffects":true,"showParticleSystems":true,"showVisualEffectGraphs":true,"m_FxEnabled":false},"in2DMode":false,"pivot":{"x":0.031996533274650577,"y":0.12362644076347351,"z":0.051859140396118167},"rotation":{"x":-0.13648509979248048,"y":0.18925710022449494,"z":-0.026574058458209039,"w":-0.9720332026481628},"size":2.3879544734954836,"orthographic":false}