{"cameraMode":{"drawMode":0,"name":"Shaded","section":"Shading Mode"},"sceneLighting":false,"audioPlay":false,"sceneViewState":{"m_AlwaysRefresh":false,"showFog":true,"showSkybox":false,"showFlares":true,"showImageEffects":true,"showParticleSystems":true,"showVisualEffectGraphs":true,"m_FxEnabled":false},"in2DMode":false,"pivot":{"x":0.0006492435932159424,"y":0.5794618129730225,"z":3.725290298461914e-9},"rotation":{"x":-0.13648509979248048,"y":0.18925710022449494,"z":-0.026574058458209039,"w":-0.9720332026481628},"size":0.6812840104103088,"orthographic":false}